timeOpen;timeClose;timeHigh;timeLow;name;open;high;low;close;volume;marketCap;timestamp
"2020-12-31T00:00:00.000Z";"2020-12-31T23:59:59.999Z";"2020-12-31T20:03:04.000Z";"2020-12-31T13:07:04.000Z";"2781";1.53560627;1.5506101;1.430263;1.51089796;12763259.57;70362439.69813043;"2020-12-31T23:59:59.999Z"
"2020-12-30T00:00:00.000Z";"2020-12-30T23:59:59.999Z";"2020-12-30T00:01:04.000Z";"2020-12-30T23:01:04.000Z";"2781";1.66969419;1.68079114;1.52983347;1.53545722;12663615.74;71506163.4013444;"2020-12-30T23:59:59.999Z"
"2020-12-29T00:00:00.000Z";"2020-12-29T23:59:59.999Z";"2020-12-29T21:20:05.000Z";"2020-12-29T03:52:04.000Z";"2781";1.51546171;1.72758155;1.43971994;1.67434488;26355258.83;77974154.25075531;"2020-12-29T23:59:59.999Z"
"2020-12-28T00:00:00.000Z";"2020-12-28T23:59:59.999Z";"2020-12-28T23:46:04.000Z";"2020-12-28T00:04:04.000Z";"2781";1.30399327;1.51703752;1.29434876;1.5156849;12668149.82;70585367.3110688;"2020-12-28T23:59:59.999Z"
"2020-12-27T00:00:00.000Z";"2020-12-27T23:59:59.999Z";"2020-12-27T16:17:04.000Z";"2020-12-27T12:13:04.000Z";"2781";1.32507424;1.40874461;1.26825036;1.30304194;12286531.4;60682595.60513945;"2020-12-27T23:59:59.999Z"
"2020-12-26T00:00:00.000Z";"2020-12-26T23:59:59.999Z";"2020-12-26T00:47:04.000Z";"2020-12-26T22:22:04.000Z";"2781";1.44601353;1.44751724;1.31342435;1.3242381;6798656.32;61669699.53591306;"2020-12-26T23:59:59.999Z"
"2020-12-25T00:00:00.000Z";"2020-12-25T23:59:59.999Z";"2020-12-25T03:15:04.000Z";"2020-12-25T00:18:04.000Z";"2781";1.36149641;1.45292425;1.34723574;1.44540315;9359548.53;67312349.7325568;"2020-12-25T23:59:59.999Z"
"2020-12-24T00:00:00.000Z";"2020-12-24T23:59:59.999Z";"2020-12-24T23:00:05.000Z";"2020-12-24T00:26:04.000Z";"2781";1.20770464;1.38366788;1.17300697;1.3624084;9236938.51;63447288.3597502;"2020-12-24T23:59:59.999Z"
"2020-12-23T00:00:00.000Z";"2020-12-23T23:59:59.999Z";"2020-12-23T01:09:04.000Z";"2020-12-23T22:25:06.000Z";"2781";1.49022047;1.51058483;1.09016138;1.20569231;16776307.04;56149028.28607881;"2020-12-23T23:59:59.999Z"
"2020-12-22T00:00:00.000Z";"2020-12-22T23:59:59.999Z";"2020-12-22T14:19:04.000Z";"2020-12-22T08:32:04.000Z";"2781";1.53960926;1.57408037;1.47448471;1.49028596;11066564.74;69402539.96365425;"2020-12-22T23:59:59.999Z"
"2020-12-21T00:00:00.000Z";"2020-12-21T23:59:59.999Z";"2020-12-21T04:35:04.000Z";"2020-12-21T12:14:04.000Z";"2781";1.56377465;1.61832646;1.49515066;1.5419152;8333991.44;71806910.82416688;"2020-12-21T23:59:59.999Z"
"2020-12-20T00:00:00.000Z";"2020-12-20T23:59:59.999Z";"2020-12-20T09:40:04.000Z";"2020-12-20T22:11:04.000Z";"2781";1.67071446;1.68443034;1.52771357;1.56357617;9093229.5;72815661.41874595;"2020-12-20T23:59:59.999Z"
"2020-12-19T00:00:00.000Z";"2020-12-19T23:59:59.999Z";"2020-12-19T11:37:04.000Z";"2020-12-19T23:27:04.000Z";"2781";1.69926697;1.76425374;1.66426344;1.66865052;9095045;77708968.04744972;"2020-12-19T23:59:59.999Z"
"2020-12-18T00:00:00.000Z";"2020-12-18T23:59:59.999Z";"2020-12-18T10:25:04.000Z";"2020-12-18T00:32:04.000Z";"2781";1.67902372;1.70632716;1.63698718;1.69879993;7879396.91;79113024.8625208;"2020-12-18T23:59:59.999Z"
"2020-12-17T00:00:00.000Z";"2020-12-17T23:59:59.999Z";"2020-12-17T00:09:04.000Z";"2020-12-17T21:32:04.000Z";"2781";1.78389234;1.80312043;1.65521696;1.67863414;15461476.78;78173905.05369893;"2020-12-17T23:59:59.999Z"
"2020-12-16T00:00:00.000Z";"2020-12-16T23:59:59.999Z";"2020-12-16T23:53:04.000Z";"2020-12-16T03:31:04.000Z";"2781";1.76009215;1.78758439;1.61001834;1.78359783;18277631.04;83062058.57573813;"2020-12-16T23:59:59.999Z"
"2020-12-15T00:00:00.000Z";"2020-12-15T23:59:59.999Z";"2020-12-15T11:06:04.000Z";"2020-12-15T01:10:04.000Z";"2781";1.59103004;1.79941298;1.58926257;1.76067126;19470079.53;81994577.6015241;"2020-12-15T23:59:59.999Z"
"2020-12-14T00:00:00.000Z";"2020-12-14T23:59:59.999Z";"2020-12-14T09:13:04.000Z";"2020-12-14T13:23:04.000Z";"2781";1.56796842;1.62286872;1.52369835;1.5916455;8672051.96;74028444.08998717;"2020-12-14T23:59:59.999Z"
"2020-12-13T00:00:00.000Z";"2020-12-13T23:59:59.999Z";"2020-12-13T12:35:04.000Z";"2020-12-13T04:16:04.000Z";"2781";1.4907147;1.64291571;1.45811848;1.56545586;8389349.11;72419789.50182986;"2020-12-13T23:59:59.999Z"
"2020-12-12T00:00:00.000Z";"2020-12-12T23:59:59.999Z";"2020-12-12T12:48:04.000Z";"2020-12-12T00:01:04.000Z";"2781";1.44158958;1.53742939;1.44070645;1.4909121;7085230.84;68971785.3475111;"2020-12-12T23:59:59.999Z"
"2020-12-11T00:00:00.000Z";"2020-12-11T23:59:59.999Z";"2020-12-11T00:02:04.000Z";"2020-12-11T12:13:04.000Z";"2781";1.57236639;1.57670934;1.44060217;1.44458505;8273918.35;66829092.5972278;"2020-12-11T23:59:59.999Z"
"2020-12-10T00:00:00.000Z";"2020-12-10T23:59:59.999Z";"2020-12-10T00:03:04.000Z";"2020-12-10T15:19:04.000Z";"2781";1.66241416;1.66513513;1.54524047;1.57415052;6167983.17;72823506.21677381;"2020-12-10T23:59:59.999Z"
"2020-12-09T00:00:00.000Z";"2020-12-09T23:59:59.999Z";"2020-12-09T23:15:05.000Z";"2020-12-09T08:36:04.000Z";"2781";1.66462243;1.67427719;1.50367604;1.6623035;10461119.22;76902163.1339451;"2020-12-09T23:59:59.999Z"
"2020-12-08T00:00:00.000Z";"2020-12-08T23:59:59.999Z";"2020-12-08T00:02:04.000Z";"2020-12-08T23:01:05.000Z";"2781";1.83122209;1.83158113;1.64510584;1.66535169;11304051.08;77043677.15978801;"2020-12-08T23:59:59.999Z"
"2020-12-07T00:00:00.000Z";"2020-12-07T23:59:59.999Z";"2020-12-07T16:02:04.000Z";"2020-12-07T20:18:04.000Z";"2781";1.8534511;1.89568762;1.80948486;1.83117262;6425070.49;84715589.08777982;"2020-12-07T23:59:59.999Z"
"2020-12-06T00:00:00.000Z";"2020-12-06T23:59:59.999Z";"2020-12-06T00:03:04.000Z";"2020-12-06T13:55:04.000Z";"2781";1.97865844;1.98389847;1.81585445;1.85424895;7167229.51;85784205.38624497;"2020-12-06T23:59:59.999Z"
"2020-12-05T00:00:00.000Z";"2020-12-05T23:59:59.999Z";"2020-12-05T23:57:04.000Z";"2020-12-05T00:08:04.000Z";"2781";1.85596843;1.98072151;1.82549378;1.9787738;7750781.04;91545972.56905606;"2020-12-05T23:59:59.999Z"
"2020-12-04T00:00:00.000Z";"2020-12-04T23:59:59.999Z";"2020-12-04T00:40:04.000Z";"2020-12-04T22:58:04.000Z";"2781";2.09860247;2.1120709;1.84734502;1.85595318;9019864.15;85864512.07327235;"2020-12-04T23:59:59.999Z"
"2020-12-03T00:00:00.000Z";"2020-12-03T23:59:59.999Z";"2020-12-03T11:37:04.000Z";"2020-12-03T01:58:04.000Z";"2781";2.11711685;2.22130954;2.08502961;2.10037052;18106121.72;97172886.1917887;"2020-12-03T23:59:59.999Z"
"2020-12-02T00:00:00.000Z";"2020-12-02T23:59:59.999Z";"2020-12-02T18:33:04.000Z";"2020-12-02T00:07:04.000Z";"2781";1.97726604;2.18743712;1.95669982;2.11540134;15849828.21;97869064.60978007;"2020-12-02T23:59:59.999Z"
"2020-12-01T00:00:00.000Z";"2020-12-01T23:59:59.999Z";"2020-12-01T08:02:04.000Z";"2020-12-01T13:15:05.000Z";"2781";1.96832128;2.13034079;1.93226448;1.97630826;12847022.38;91432079.46291865;"2020-12-01T23:59:59.999Z"
"2020-11-30T00:00:00.000Z";"2020-11-30T23:59:59.999Z";"2020-11-30T14:40:05.000Z";"2020-11-30T09:39:04.000Z";"2781";1.91514202;2.01359128;1.91193024;1.96689116;8716571.17;90995987.14086118;"2020-11-30T23:59:59.999Z"
"2020-11-29T00:00:00.000Z";"2020-11-29T23:59:59.999Z";"2020-11-29T09:59:04.000Z";"2020-11-29T02:03:04.000Z";"2781";1.8879127;1.94388507;1.85722661;1.9151547;6139511.35;88124520.17567424;"2020-11-29T23:59:59.999Z"
"2020-11-28T00:00:00.000Z";"2020-11-28T23:59:59.999Z";"2020-11-28T16:08:04.000Z";"2020-11-28T09:05:04.000Z";"2781";1.85982503;1.93971542;1.81071037;1.88893452;11661882.96;86918647.19802547;"2020-11-28T23:59:59.999Z"
"2020-11-27T00:00:00.000Z";"2020-11-27T23:59:59.999Z";"2020-11-27T04:21:04.000Z";"2020-11-27T16:03:04.000Z";"2781";1.90333468;1.97065316;1.78036344;1.85794881;13307808.37;85493469.70235132;"2020-11-27T23:59:59.999Z"
"2020-11-26T00:00:00.000Z";"2020-11-26T23:59:59.999Z";"2020-11-26T00:47:04.000Z";"2020-11-26T08:52:04.000Z";"2781";2.26653371;2.29170177;1.74149279;1.90303693;33038222.89;87568856.71760666;"2020-11-26T23:59:59.999Z"
"2020-11-25T00:00:00.000Z";"2020-11-25T23:59:59.999Z";"2020-11-25T17:23:04.000Z";"2020-11-25T03:58:04.000Z";"2781";2.26948514;2.47758651;2.18277698;2.27003407;24870950.93;104457114.39952429;"2020-11-25T23:59:59.999Z"
"2020-11-24T00:00:00.000Z";"2020-11-24T23:59:59.999Z";"2020-11-24T08:54:04.000Z";"2020-11-24T12:54:04.000Z";"2781";2.27724054;2.46638443;2.14379452;2.26796698;25036626.13;104362814.63683279;"2020-11-24T23:59:59.999Z"
"2020-11-23T00:00:00.000Z";"2020-11-23T23:59:59.999Z";"2020-11-23T11:07:04.000Z";"2020-11-23T01:07:04.000Z";"2781";2.14484476;2.3515985;2.12031471;2.27637688;15487339.48;104749492.89621204;"2020-11-23T23:59:59.999Z"
"2020-11-22T00:00:00.000Z";"2020-11-22T23:59:59.999Z";"2020-11-22T00:10:04.000Z";"2020-11-22T11:56:04.000Z";"2781";2.38220531;2.40382123;2.05393793;2.14484477;16416064.6;98697801.14056186;"2020-11-22T23:59:59.999Z"
"2020-11-21T00:00:00.000Z";"2020-11-21T23:59:59.999Z";"2020-11-21T18:41:04.000Z";"2020-11-21T04:14:04.000Z";"2781";2.09539164;2.49882755;2.04852394;2.38220531;20288343.22;109362384.71981557;"2020-11-21T23:59:59.999Z"
"2020-11-20T00:00:00.000Z";"2020-11-20T23:59:59.999Z";"2020-11-20T13:10:05.000Z";"2020-11-20T02:26:04.000Z";"2781";2.07676865;2.23039141;2.05697179;2.09539164;11113989.74;96196099.98011884;"2020-11-20T23:59:59.999Z"
"2020-11-19T00:00:00.000Z";"2020-11-19T23:59:59.999Z";"2020-11-19T13:23:04.000Z";"2020-11-19T09:56:04.000Z";"2781";2.11502868;2.17502241;2.01816579;2.07676865;10155987.37;95341921.8742907;"2020-11-19T23:59:59.999Z"
"2020-11-18T00:00:00.000Z";"2020-11-18T23:59:59.999Z";"2020-11-18T00:08:04.000Z";"2020-11-18T13:50:05.000Z";"2781";2.20218147;2.20592249;2.01269296;2.11502872;14629648.09;97099240.81477468;"2020-11-18T23:59:59.999Z"
"2020-11-17T00:00:00.000Z";"2020-11-17T23:59:59.999Z";"2020-11-17T04:49:04.000Z";"2020-11-17T17:05:05.000Z";"2781";2.28108028;2.31818626;2.13258981;2.20218147;17074174.96;101100127.91945642;"2020-11-17T23:59:59.999Z"
"2020-11-16T00:00:00.000Z";"2020-11-16T23:59:59.999Z";"2020-11-16T13:34:04.000Z";"2020-11-16T00:35:04.000Z";"2781";2.04323394;2.36021108;1.99485284;2.25535545;22156135.17;103541326.05497044;"2020-11-16T23:59:59.999Z"
"2020-11-15T00:00:00.000Z";"2020-11-15T23:59:59.999Z";"2020-11-15T16:08:04.000Z";"2020-11-15T00:04:04.000Z";"2781";1.91701557;2.20905889;1.91684762;2.04323394;18621333.34;93803903.71451163;"2020-11-15T23:59:59.999Z"
"2020-11-14T00:00:00.000Z";"2020-11-14T23:59:59.999Z";"2020-11-14T00:04:04.000Z";"2020-11-14T10:01:04.000Z";"2781";2.02079216;2.03349056;1.8752786;1.91701557;8134592.55;88007184.07888201;"2020-11-14T23:59:59.999Z"
"2020-11-13T00:00:00.000Z";"2020-11-13T23:59:59.999Z";"2020-11-13T15:04:04.000Z";"2020-11-13T00:00:05.000Z";"2781";1.89913758;2.06111583;1.89913758;2.02079216;11621743.54;92772231.89432384;"2020-11-13T23:59:59.999Z"
"2020-11-12T00:00:00.000Z";"2020-11-12T23:59:59.999Z";"2020-11-12T07:01:04.000Z";"2020-11-12T18:01:04.000Z";"2781";2.0021245;2.05029785;1.83172821;1.89913759;11506047.77;87162760.83472751;"2020-11-12T23:59:59.999Z"
"2020-11-11T00:00:00.000Z";"2020-11-11T23:59:59.999Z";"2020-11-11T03:35:04.000Z";"2020-11-11T20:36:04.000Z";"2781";2.24798704;2.28414065;1.97416514;2.0021245;13877948.93;91879509.07207444;"2020-11-11T23:59:59.999Z"
"2020-11-10T00:00:00.000Z";"2020-11-10T23:59:59.999Z";"2020-11-10T22:56:04.000Z";"2020-11-10T00:31:04.000Z";"2781";2.02865214;2.30798752;2.01232067;2.247987;16170833.13;103163301.09022862;"2020-11-10T23:59:59.999Z"
"2020-11-09T00:00:00.000Z";"2020-11-09T23:59:59.999Z";"2020-11-09T00:48:04.000Z";"2020-11-09T16:16:09.000Z";"2781";2.15659813;2.18931332;1.95875292;2.02865216;18210625.97;93091959.13931833;"2020-11-09T23:59:59.999Z"
"2020-11-08T00:00:00.000Z";"2020-11-08T23:59:59.999Z";"2020-11-08T18:07:04.000Z";"2020-11-08T09:32:04.000Z";"2781";2.03196386;2.26477908;1.97440202;2.15659813;25931043.04;98950578.49222584;"2020-11-08T23:59:59.999Z"
"2020-11-07T00:00:00.000Z";"2020-11-07T23:59:59.999Z";"2020-11-07T13:25:05.000Z";"2020-11-07T19:40:06.000Z";"2781";1.91374;2.48136883;1.8448312;2.03196386;51426099.68;93232781.91859989;"2020-11-07T23:59:59.999Z"
"2020-11-06T00:00:00.000Z";"2020-11-06T23:59:59.999Z";"2020-11-06T23:40:06.000Z";"2020-11-06T00:10:04.000Z";"2781";1.40521805;1.94070665;1.4000105;1.91374;22547497.13;87809005.86384876;"2020-11-06T23:59:59.999Z"
"2020-11-05T00:00:00.000Z";"2020-11-05T23:59:59.999Z";"2020-11-05T15:19:04.000Z";"2020-11-05T13:34:04.000Z";"2781";1.39225494;1.48617047;1.30382463;1.40521805;8924131.52;64476759.51742544;"2020-11-05T23:59:59.999Z"
"2020-11-04T00:00:00.000Z";"2020-11-04T23:59:59.999Z";"2020-11-04T00:24:04.000Z";"2020-11-04T16:06:04.000Z";"2781";1.41223396;1.41289802;1.28186754;1.39225494;11406316.03;63882412.77078965;"2020-11-04T23:59:59.999Z"
"2020-11-03T00:00:00.000Z";"2020-11-03T23:59:59.999Z";"2020-11-03T01:19:04.000Z";"2020-11-03T23:58:04.000Z";"2781";1.47407225;1.48050074;1.41218556;1.41223396;6536977.28;64772687.2743289;"2020-11-03T23:59:59.999Z"
"2020-11-02T00:00:00.000Z";"2020-11-02T23:59:59.999Z";"2020-11-02T01:10:04.000Z";"2020-11-02T18:13:04.000Z";"2781";1.5998403;1.63017961;1.46769542;1.47407225;6366346.26;67496510.0918503;"2020-11-02T23:59:59.999Z"
"2020-11-01T00:00:00.000Z";"2020-11-01T23:59:59.999Z";"2020-11-01T21:19:04.000Z";"2020-11-01T09:59:04.000Z";"2781";1.54069959;1.63790251;1.5135429;1.5998403;6877556.68;73254104.4517357;"2020-11-01T23:59:59.999Z"
"2020-10-31T00:00:00.000Z";"2020-10-31T23:59:59.999Z";"2020-10-31T21:43:04.000Z";"2020-10-31T00:31:04.000Z";"2781";1.44133589;1.54932692;1.4298941;1.54069959;6449388.39;70546511.16326353;"2020-10-31T23:59:59.999Z"
"2020-10-30T00:00:00.000Z";"2020-10-30T23:59:59.999Z";"2020-10-30T19:14:04.000Z";"2020-10-30T07:23:04.000Z";"2781";1.42893639;1.46731855;1.34221311;1.44133589;8528335.71;65997124.65947093;"2020-10-30T23:59:59.999Z"
"2020-10-29T00:00:00.000Z";"2020-10-29T23:59:59.999Z";"2020-10-29T04:20:04.000Z";"2020-10-29T23:11:04.000Z";"2781";1.49005346;1.56689179;1.41242636;1.42893639;8024137.8;65429707.3741233;"2020-10-29T23:59:59.999Z"
"2020-10-28T00:00:00.000Z";"2020-10-28T23:59:59.999Z";"2020-10-28T00:54:04.000Z";"2020-10-28T22:41:08.000Z";"2781";1.71023239;1.71902702;1.39457221;1.49005343;17089719.32;68228554.8641858;"2020-10-28T23:59:59.999Z"
"2020-10-27T00:00:00.000Z";"2020-10-27T23:59:59.999Z";"2020-10-27T15:28:04.000Z";"2020-10-27T08:16:04.000Z";"2781";1.68546624;1.74540288;1.60528662;1.71023239;14384427.43;78274491.4004513;"2020-10-27T23:59:59.999Z"
"2020-10-26T00:00:00.000Z";"2020-10-26T23:59:59.999Z";"2020-10-26T13:38:04.000Z";"2020-10-26T17:50:05.000Z";"2781";1.78745942;1.86298989;1.62936547;1.68546625;13396735.95;76302194.43703932;"2020-10-26T23:59:59.999Z"
"2020-10-25T00:00:00.000Z";"2020-10-25T23:59:59.999Z";"2020-10-25T04:48:04.000Z";"2020-10-25T22:35:05.000Z";"2781";1.91182801;1.92294152;1.76864379;1.78745942;9092333.67;80026191.61112621;"2020-10-25T23:59:59.999Z"
"2020-10-24T00:00:00.000Z";"2020-10-24T23:59:59.999Z";"2020-10-24T00:04:04.000Z";"2020-10-24T22:02:04.000Z";"2781";1.96003515;1.96165021;1.88234354;1.91182801;7581827.29;85116777.84839806;"2020-10-24T23:59:59.999Z"
"2020-10-23T00:00:00.000Z";"2020-10-23T23:59:59.999Z";"2020-10-23T13:50:04.000Z";"2020-10-23T16:23:04.000Z";"2781";1.95706771;1.98477147;1.8533095;1.96003515;11497444.71;87263476.2003648;"2020-10-23T23:59:59.999Z"
"2020-10-22T00:00:00.000Z";"2020-10-22T23:59:59.999Z";"2020-10-22T15:20:26.000Z";"2020-10-22T00:04:26.000Z";"2781";1.89037216;2.08243359;1.88981692;1.95565252;11445662.79;86579897.07269996;"2020-10-22T23:59:59.999Z"
"2020-10-21T00:00:00.000Z";"2020-10-21T23:59:59.999Z";"2020-10-21T15:16:26.000Z";"2020-10-21T21:41:26.000Z";"2781";1.88861172;2.06620621;1.86123476;1.89037825;19275509.45;82745351.05974524;"2020-10-21T23:59:59.999Z"
"2020-10-20T00:00:00.000Z";"2020-10-20T23:59:59.999Z";"2020-10-20T02:27:26.000Z";"2020-10-20T12:05:30.000Z";"2781";2.05810177;2.09786117;1.85415368;1.88867176;13129043.07;82671092.68542057;"2020-10-20T23:59:59.999Z"
"2020-10-19T00:00:00.000Z";"2020-10-19T23:59:59.999Z";"2020-10-19T00:01:40.000Z";"2020-10-19T23:26:25.000Z";"2781";2.21337207;2.21351195;2.05321062;2.05807954;8248860.3;89572373.35173108;"2020-10-19T23:59:59.999Z"
"2020-10-18T00:00:00.000Z";"2020-10-18T23:59:59.999Z";"2020-10-18T18:22:46.000Z";"2020-10-18T22:41:32.000Z";"2781";2.20274967;2.24884625;2.17832695;2.21426738;6294162.17;96370525.3833067;"2020-10-18T23:59:59.999Z"
"2020-10-17T00:00:00.000Z";"2020-10-17T23:59:59.999Z";"2020-10-17T05:19:26.000Z";"2020-10-17T00:07:26.000Z";"2781";2.14563569;2.23830479;2.13240858;2.20184324;6612611.78;95830287.75166795;"2020-10-17T23:59:59.999Z"
"2020-10-16T00:00:00.000Z";"2020-10-16T23:59:59.999Z";"2020-10-16T00:02:26.000Z";"2020-10-16T04:30:42.000Z";"2781";2.26520031;2.2656708;2.12792144;2.1493861;13637728.05;93547686.544544;"2020-10-16T23:59:59.999Z"
"2020-10-15T00:00:00.000Z";"2020-10-15T23:59:59.999Z";"2020-10-15T07:39:26.000Z";"2020-10-15T09:46:26.000Z";"2781";2.31480004;2.33579578;2.20341796;2.26643616;8332482.59;98642537.62742521;"2020-10-15T23:59:59.999Z"
"2020-10-14T00:00:00.000Z";"2020-10-14T23:59:59.999Z";"2020-10-14T00:30:27.000Z";"2020-10-14T17:15:39.000Z";"2781";2.40819629;2.4366138;2.24625651;2.31463525;9436238.76;100565804.44055878;"2020-10-14T23:59:59.999Z"
"2020-10-13T00:00:00.000Z";"2020-10-13T23:59:59.999Z";"2020-10-13T00:00:27.000Z";"2020-10-13T18:10:27.000Z";"2781";2.58489141;2.58489141;2.34817094;2.40491019;11415736.61;104488549.19119287;"2020-10-13T23:59:59.999Z"
"2020-10-12T00:00:00.000Z";"2020-10-12T23:59:59.999Z";"2020-10-12T21:41:26.000Z";"2020-10-12T00:45:29.000Z";"2781";2.42611451;2.69863904;2.41586194;2.58707246;12289968.79;109780567.40641767;"2020-10-12T23:59:59.999Z"
"2020-10-11T00:00:00.000Z";"2020-10-11T23:59:59.999Z";"2020-10-11T12:09:26.000Z";"2020-10-11T03:46:26.000Z";"2781";2.40736736;2.45756612;2.34492143;2.42657824;7170646.66;102970675.76628862;"2020-10-11T23:59:59.999Z"
"2020-10-10T00:00:00.000Z";"2020-10-10T23:59:59.999Z";"2020-10-10T03:16:37.000Z";"2020-10-10T23:55:27.000Z";"2781";2.53693313;2.59409546;2.40317166;2.40608988;8842883.98;102101819.79891624;"2020-10-10T23:59:59.999Z"
"2020-10-09T00:00:00.000Z";"2020-10-09T23:59:59.999Z";"2020-10-09T12:45:42.000Z";"2020-10-09T00:41:37.000Z";"2781";2.36774234;2.62526821;2.31709043;2.53985887;12002959.24;107778851.91582133;"2020-10-09T23:59:59.999Z"
"2020-10-08T00:00:00.000Z";"2020-10-08T23:59:59.999Z";"2020-10-08T16:06:26.000Z";"2020-10-08T07:37:37.000Z";"2781";2.29998163;2.43061025;2.02852581;2.36522028;14931921.7;100368606.7828738;"2020-10-08T23:59:59.999Z"
"2020-10-07T00:00:00.000Z";"2020-10-07T23:59:59.999Z";"2020-10-07T18:32:30.000Z";"2020-10-07T01:44:29.000Z";"2781";2.17580888;2.39193728;2.09576005;2.29179581;11759752.04;96678235.2477901;"2020-10-07T23:59:59.999Z"
"2020-10-06T00:00:00.000Z";"2020-10-06T23:59:59.999Z";"2020-10-06T00:00:27.000Z";"2020-10-06T23:19:26.000Z";"2781";2.65519989;2.65519989;2.14769193;2.17625031;9739070.72;90716350.09490736;"2020-10-06T23:59:59.999Z"
"2020-10-05T00:00:00.000Z";"2020-10-05T23:59:59.999Z";"2020-10-05T22:30:28.000Z";"2020-10-05T07:31:26.000Z";"2781";2.5191348;2.66262353;2.46732033;2.65764391;8105684.03;110119117.58235022;"2020-10-05T23:59:59.999Z"
"2020-10-04T00:00:00.000Z";"2020-10-04T23:59:59.999Z";"2020-10-04T08:23:29.000Z";"2020-10-04T17:00:45.000Z";"2781";2.54301234;2.58803611;2.42888892;2.51599459;7075729.48;104250459.1504476;"2020-10-04T23:59:59.999Z"
"2020-10-03T00:00:00.000Z";"2020-10-03T23:59:59.999Z";"2020-10-03T12:10:28.000Z";"2020-10-03T23:57:26.000Z";"2781";2.62733511;2.66949457;2.5473028;2.5473028;6155890.58;104274635.61227962;"2020-10-03T23:59:59.999Z"
"2020-10-02T00:00:00.000Z";"2020-10-02T23:59:59.999Z";"2020-10-02T01:21:30.000Z";"2020-10-02T13:30:38.000Z";"2781";2.86419729;2.87663497;2.45779116;2.62608296;15856538.99;107500110.50109477;"2020-10-02T23:59:59.999Z"
"2020-10-01T00:00:00.000Z";"2020-10-01T23:59:59.999Z";"2020-10-01T10:01:33.000Z";"2020-10-01T18:06:45.000Z";"2781";2.89816187;2.98583389;2.65739801;2.86102773;10825966.26;116403066.95333205;"2020-10-01T23:59:59.999Z"
"2020-09-30T00:00:00.000Z";"2020-09-30T23:59:59.999Z";"2020-09-30T05:36:26.000Z";"2020-09-30T19:30:29.000Z";"2781";2.94907405;2.97934849;2.83566951;2.89787636;7767702.11;117178459.57132548;"2020-09-30T23:59:59.999Z"
"2020-09-29T00:00:00.000Z";"2020-09-29T23:59:59.999Z";"2020-09-29T14:30:29.000Z";"2020-09-29T20:04:25.000Z";"2781";2.95836068;3.01009535;2.9017903;2.94643322;8821253.15;117872307.03014542;"2020-09-29T23:59:59.999Z"
"2020-09-28T00:00:00.000Z";"2020-09-28T23:59:59.999Z";"2020-09-28T02:37:27.000Z";"2020-09-28T23:46:51.000Z";"2781";3.15270485;3.20419115;2.93595445;2.95667817;10950200.85;116996606.06382905;"2020-09-28T23:59:59.999Z"
"2020-09-27T00:00:00.000Z";"2020-09-27T23:59:59.999Z";"2020-09-27T23:01:26.000Z";"2020-09-27T08:36:26.000Z";"2781";3.13383751;3.17349913;3.01055105;3.15294678;9734367.88;123455190.65342163;"2020-09-27T23:59:59.999Z"
"2020-09-26T00:00:00.000Z";"2020-09-26T23:59:59.999Z";"2020-09-26T00:16:25.000Z";"2020-09-26T19:20:27.000Z";"2781";3.18803034;3.20390555;3.04126653;3.13470267;11018474.88;121440587.25937828;"2020-09-26T23:59:59.999Z"
"2020-09-25T00:00:00.000Z";"2020-09-25T23:59:59.999Z";"2020-09-25T20:46:26.000Z";"2020-09-25T10:15:26.000Z";"2781";3.14554425;3.2651654;2.91177164;3.18861239;15935143.49;122206478.07352893;"2020-09-25T23:59:59.999Z"
"2020-09-24T00:00:00.000Z";"2020-09-24T23:59:59.999Z";"2020-09-24T20:36:25.000Z";"2020-09-24T00:11:30.000Z";"2781";2.8381205;3.25156306;2.79564658;3.13271463;18993325.65;118764707.79699808;"2020-09-24T23:59:59.999Z"
"2020-09-23T00:00:00.000Z";"2020-09-23T23:59:59.999Z";"2020-09-23T01:04:44.000Z";"2020-09-23T20:59:29.000Z";"2781";2.93035489;3.06533837;2.74630293;2.83675707;16096650.33;107545200.18238471;"2020-09-23T23:59:59.999Z"
"2020-09-22T00:00:00.000Z";"2020-09-22T23:59:59.999Z";"2020-09-22T14:38:10.000Z";"2020-09-22T08:00:15.000Z";"2781";2.7736877405;2.9943702542;2.6686027119;2.915519109;18556523.39;110493813.334531;"2020-09-22T23:59:59.999Z"
"2020-09-21T00:00:00.000Z";"2020-09-21T23:59:59.999Z";"2020-09-21T03:49:13.000Z";"2020-09-21T10:01:21.000Z";"2781";2.8709033938;3.0269397477;2.5004193035;2.7825094148;19492893.62;104757856.3029;"2020-09-21T23:59:59.999Z"
"2020-09-20T00:00:00.000Z";"2020-09-20T23:59:59.999Z";"2020-09-20T00:53:25.000Z";"2020-09-20T16:28:29.000Z";"2781";3.0310284828;3.03287675;2.7201381368;2.8709033938;9217295.41;107361555.128177;"2020-09-20T23:59:59.999Z"
"2020-09-19T00:00:00.000Z";"2020-09-19T23:59:59.999Z";"2020-09-19T01:28:15.000Z";"2020-09-19T10:52:15.000Z";"2781";3.1117468638;3.2534204148;2.9717038069;3.0288911796;10763972.59;113270346.303239;"2020-09-19T23:59:59.999Z"
"2020-09-18T00:00:00.000Z";"2020-09-18T23:59:59.999Z";"2020-09-18T11:21:08.000Z";"2020-09-18T01:23:16.000Z";"2781";2.8918737832;3.159316565;2.7416758717;3.1079400641;23510207.1;116227097.944417;"2020-09-18T23:59:59.999Z"
"2020-09-17T00:00:00.000Z";"2020-09-17T23:59:59.999Z";"2020-09-17T21:59:17.000Z";"2020-09-17T10:35:18.000Z";"2781";2.5453987727;2.9341024459;2.3700338192;2.8918737832;23792219.51;107424214.43618;"2020-09-17T23:59:59.999Z"
"2020-09-16T00:00:00.000Z";"2020-09-16T23:59:59.999Z";"2020-09-16T00:00:12.000Z";"2020-09-16T14:57:16.000Z";"2781";2.9393074297;2.9393074297;2.4538387192;2.5453987727;24199803.58;93917562.6875188;"2020-09-16T23:59:59.999Z"
"2020-09-15T00:00:00.000Z";"2020-09-15T23:59:59.999Z";"2020-09-15T02:47:15.000Z";"2020-09-15T23:52:13.000Z";"2781";3.2691332042;3.3200671245;2.918472624;2.9391206713;11992537.78;107710516.414547;"2020-09-15T23:59:59.999Z"
"2020-09-14T00:00:00.000Z";"2020-09-14T23:59:59.999Z";"2020-09-14T08:42:31.000Z";"2020-09-14T01:02:17.000Z";"2781";3.231525518;3.524934341;3.0941740513;3.2691332042;21301450.1;118987736.46406;"2020-09-14T23:59:59.999Z"
"2020-09-13T00:00:00.000Z";"2020-09-13T23:59:59.999Z";"2020-09-13T09:46:19.000Z";"2020-09-13T16:12:26.000Z";"2781";3.3363805814;3.4667815313;3.0054016931;3.2258390602;15316353.18;113349810.373631;"2020-09-13T23:59:59.999Z"
"2020-09-12T00:00:00.000Z";"2020-09-12T23:59:59.999Z";"2020-09-12T20:03:18.000Z";"2020-09-12T09:06:24.000Z";"2781";3.4191019919;3.4670521723;3.1507268168;3.3326599913;10368518.36;117103942.771464;"2020-09-12T23:59:59.999Z"
"2020-09-11T00:00:00.000Z";"2020-09-11T23:59:59.999Z";"2020-09-11T00:17:23.000Z";"2020-09-11T03:52:15.000Z";"2781";3.4673354004;3.5010127523;3.0401710435;3.4274282632;17090627.46;120434613.072138;"2020-09-11T23:59:59.999Z"
"2020-09-10T00:00:00.000Z";"2020-09-10T23:59:59.999Z";"2020-09-10T06:04:14.000Z";"2020-09-10T08:19:24.000Z";"2781";3.6363777965;3.8513085618;3.3208089027;3.4698368119;31177874.79;120996908.90366;"2020-09-10T23:59:59.999Z"
"2020-09-09T00:00:00.000Z";"2020-09-09T23:59:59.999Z";"2020-09-09T14:53:17.000Z";"2020-09-09T05:26:11.000Z";"2781";2.4711781185;3.7517156829;2.3898060913;3.6363777965;52354542.08;125895646.215421;"2020-09-09T23:59:59.999Z"
"2020-09-08T00:00:00.000Z";"2020-09-08T23:59:59.999Z";"2020-09-08T00:09:14.000Z";"2020-09-08T22:35:15.000Z";"2781";2.9276292289;2.9397363346;2.3986406226;2.4689767582;10163724.6;84805195.3148526;"2020-09-08T23:59:59.999Z"
"2020-09-07T00:00:00.000Z";"2020-09-07T23:59:59.999Z";"2020-09-07T01:01:29.000Z";"2020-09-07T12:52:22.000Z";"2781";3.0860842934;3.1895601229;2.391492756;2.9285280901;17135013.48;99856838.0760455;"2020-09-07T23:59:59.999Z"
"2020-09-06T00:00:00.000Z";"2020-09-06T23:59:59.999Z";"2020-09-06T22:07:24.000Z";"2020-09-06T04:51:35.000Z";"2781";2.6003167758;3.1756373077;2.2881912589;3.086042693;20375889.88;103685156.764957;"2020-09-06T23:59:59.999Z"
"2020-09-05T00:00:00.000Z";"2020-09-05T23:59:59.999Z";"2020-09-05T02:33:05.000Z";"2020-09-05T11:25:30.000Z";"2781";3.5509844551;3.6602444939;2.1916749563;2.5979163647;25062204.65;87285369.2146955;"2020-09-05T23:59:59.999Z"
"2020-09-04T00:00:00.000Z";"2020-09-04T23:59:59.999Z";"2020-09-04T00:37:29.000Z";"2020-09-04T15:19:40.000Z";"2781";3.5233900279;3.8341037395;3.1988942785;3.5457944842;17729340.04;119132915.465114;"2020-09-04T23:59:59.999Z"
"2020-09-03T00:00:00.000Z";"2020-09-03T23:59:59.999Z";"2020-09-03T08:39:10.000Z";"2020-09-03T23:58:34.000Z";"2781";4.1687724798;4.4408144434;3.527339855;3.527339855;26473633.56;117631513.488068;"2020-09-03T23:59:59.999Z"
"2020-09-02T00:00:00.000Z";"2020-09-02T23:59:59.999Z";"2020-09-02T00:02:18.000Z";"2020-09-02T11:31:22.000Z";"2781";4.3526933897;4.3559394592;3.7051639934;4.1644718409;23655802.31;137185056.897479;"2020-09-02T23:59:59.999Z"
"2020-09-01T00:00:00.000Z";"2020-09-01T23:59:59.999Z";"2020-09-01T04:30:15.000Z";"2020-09-01T23:59:08.000Z";"2781";4.7810502139;4.9447308529;4.3445159129;4.3445159129;16944926.94;142029235.639603;"2020-09-01T23:59:59.999Z"
"2020-08-31T00:00:00.000Z";"2020-08-31T23:59:59.999Z";"2020-08-31T23:45:25.000Z";"2020-08-31T08:00:32.000Z";"2781";4.4216788227;4.8729408997;4.1096813069;4.7820455179;20950150.22;155135267.461776;"2020-08-31T23:59:59.999Z"
"2020-08-30T00:00:00.000Z";"2020-08-30T23:59:59.999Z";"2020-08-30T12:31:21.000Z";"2020-08-30T00:16:26.000Z";"2781";3.970010943;4.7050052243;3.9191323259;4.4358225588;22220238.8;143848364.09318;"2020-08-30T23:59:59.999Z"
"2020-08-29T00:00:00.000Z";"2020-08-29T23:59:59.999Z";"2020-08-29T16:29:03.000Z";"2020-08-29T08:06:26.000Z";"2781";4.014216282;4.105241339;3.7871122249;3.9688093889;14585964.43;128704139.655732;"2020-08-29T23:59:59.999Z"
"2020-08-28T00:00:00.000Z";"2020-08-28T23:59:59.999Z";"2020-08-28T20:32:15.000Z";"2020-08-28T00:01:14.000Z";"2781";3.4524946514;4.3095927988;3.4472810384;4.0113925268;27212887.5;130085569.491252;"2020-08-28T23:59:59.999Z"
"2020-08-27T00:00:00.000Z";"2020-08-27T23:59:59.999Z";"2020-08-27T08:37:09.000Z";"2020-08-27T17:08:17.000Z";"2781";3.5578442862;3.8547059595;3.2922138796;3.445060334;21031356.32;111060306.36774;"2020-08-27T23:59:59.999Z"
"2020-08-26T00:00:00.000Z";"2020-08-26T23:59:59.999Z";"2020-08-26T17:25:14.000Z";"2020-08-26T01:48:18.000Z";"2781";3.2660412485;3.795323592;3.1943108214;3.5583753134;22147431.49;113824141.563725;"2020-08-26T23:59:59.999Z"
"2020-08-25T00:00:00.000Z";"2020-08-25T23:59:59.999Z";"2020-08-25T00:16:08.000Z";"2020-08-25T14:20:17.000Z";"2781";3.3496639062;3.3582474652;3.027719405;3.2648499809;13444308.06;103619131.980434;"2020-08-25T23:59:59.999Z"
"2020-08-24T00:00:00.000Z";"2020-08-24T23:59:59.999Z";"2020-08-24T09:51:15.000Z";"2020-08-24T00:41:25.000Z";"2781";3.3122215159;3.6075394637;3.2244306713;3.3449860527;15785207.72;106162865.723266;"2020-08-24T23:59:59.999Z"
"2020-08-23T00:00:00.000Z";"2020-08-23T23:59:59.999Z";"2020-08-23T20:11:22.000Z";"2020-08-23T00:02:26.000Z";"2781";3.0208633212;3.4034150223;3.0188381053;3.3224310635;11991402.16;104616816.094793;"2020-08-23T23:59:59.999Z"
"2020-08-22T00:00:00.000Z";"2020-08-22T23:59:59.999Z";"2020-08-22T17:39:18.000Z";"2020-08-22T06:58:13.000Z";"2781";2.9453077453;3.1948652107;2.7573269666;3.0208864428;10296804.82;95122114.0144119;"2020-08-22T23:59:59.999Z"
"2020-08-21T00:00:00.000Z";"2020-08-21T23:59:59.999Z";"2020-08-21T03:15:13.000Z";"2020-08-21T21:05:15.000Z";"2781";3.2097175852;3.2232895991;2.9137710266;2.9436683663;11796735.63;92690989.2578399;"2020-08-21T23:59:59.999Z"
"2020-08-20T00:00:00.000Z";"2020-08-20T23:59:59.999Z";"2020-08-20T16:30:11.000Z";"2020-08-20T00:05:17.000Z";"2781";2.8990406106;3.4318430109;2.896235885;3.2082670433;13756478.15;101023083.037279;"2020-08-20T23:59:59.999Z"
"2020-08-19T00:00:00.000Z";"2020-08-19T23:59:59.999Z";"2020-08-19T02:00:18.000Z";"2020-08-19T20:55:12.000Z";"2781";3.3286959627;3.483863211;2.8381083557;2.8990406106;14838388.92;91286346.3844131;"2020-08-19T23:59:59.999Z"
"2020-08-18T00:00:00.000Z";"2020-08-18T23:59:59.999Z";"2020-08-18T15:34:12.000Z";"2020-08-18T07:46:21.000Z";"2781";3.1044691232;3.7099107158;2.8944138509;3.329975918;30350144.94;103607422.825354;"2020-08-18T23:59:59.999Z"
"2020-08-17T00:00:00.000Z";"2020-08-17T23:59:59.999Z";"2020-08-17T00:01:17.000Z";"2020-08-17T15:51:27.000Z";"2781";3.3856527737;3.3859986027;3.087985369;3.0986077086;10723918.77;90597950.4986745;"2020-08-17T23:59:59.999Z"
"2020-08-16T00:00:00.000Z";"2020-08-16T23:59:59.999Z";"2020-08-16T07:42:10.000Z";"2020-08-16T03:02:15.000Z";"2781";3.1854060049;3.4706875882;3.1386879011;3.3856527737;10395312.82;98990653.6220894;"2020-08-16T23:59:59.999Z"
"2020-08-15T00:00:00.000Z";"2020-08-15T23:59:59.999Z";"2020-08-15T09:55:08.000Z";"2020-08-15T23:50:10.000Z";"2781";3.4125551299;3.7199446436;3.1654645924;3.1837948871;13155762.37;93088676.8213831;"2020-08-15T23:59:59.999Z"
"2020-08-14T00:00:00.000Z";"2020-08-14T23:59:59.999Z";"2020-08-14T05:31:11.000Z";"2020-08-14T19:19:16.000Z";"2781";3.760167945;3.7899966741;3.3326543173;3.4093876608;18427949.98;99684620.8277296;"2020-08-14T23:59:59.999Z"
"2020-08-13T00:00:00.000Z";"2020-08-13T23:59:59.999Z";"2020-08-13T07:59:14.000Z";"2020-08-13T09:19:12.000Z";"2781";3.7707031095;4.1558137393;3.5285196285;3.7559711571;28236179.42;64766752.6195916;"2020-08-13T23:59:59.999Z"
"2020-08-12T00:00:00.000Z";"2020-08-12T23:59:59.999Z";"2020-08-12T11:14:15.000Z";"2020-08-12T00:34:13.000Z";"2781";3.3079578477;3.9161678412;3.1039786229;3.769750913;28461706.59;65004787.9204578;"2020-08-12T23:59:59.999Z"
"2020-08-11T00:00:00.000Z";"2020-08-11T23:59:59.999Z";"2020-08-11T14:15:08.000Z";"2020-08-11T01:47:20.000Z";"2781";3.1310423538;3.4865346222;2.7536339253;3.3034192974;36356155.18;56963799.6073747;"2020-08-11T23:59:59.999Z"
"2020-08-10T00:00:00.000Z";"2020-08-10T23:59:59.999Z";"2020-08-10T19:13:20.000Z";"2020-08-10T02:41:35.000Z";"2781";2.6652275038;3.397928851;2.5258977789;3.1317933021;22863250.63;54004593.6510801;"2020-08-10T23:59:59.999Z"
"2020-08-09T00:00:00.000Z";"2020-08-09T23:59:59.999Z";"2020-08-09T23:23:15.000Z";"2020-08-09T17:45:32.000Z";"2781";2.4715557912;2.7068228056;2.3025011775;2.6652275038;12107836.86;45959454.0071939;"2020-08-09T23:59:59.999Z"
"2020-08-08T00:00:00.000Z";"2020-08-08T23:59:59.999Z";"2020-08-08T22:11:05.000Z";"2020-08-08T03:56:22.000Z";"2781";2.0838893527;2.5695897667;2.0265381706;2.4736248549;10919229.18;42655747.4961301;"2020-08-08T23:59:59.999Z"
"2020-08-07T00:00:00.000Z";"2020-08-07T23:59:59.999Z";"2020-08-07T00:00:15.000Z";"2020-08-07T18:39:22.000Z";"2781";2.2031656604;2.2031656604;1.8855724385;2.0859026353;8068101.9;35970036.8564279;"2020-08-07T23:59:59.999Z"
"2020-08-06T00:00:00.000Z";"2020-08-06T23:59:59.999Z";"2020-08-06T22:50:11.000Z";"2020-08-06T01:17:14.000Z";"2781";1.7545498159;2.2280030837;1.7467834404;2.2063483273;11143557.07;38047323.8161723;"2020-08-06T23:59:59.999Z"
"2020-08-05T00:00:00.000Z";"2020-08-05T23:59:59.999Z";"2020-08-05T01:46:14.000Z";"2020-08-05T15:12:23.000Z";"2781";1.8707357761;1.8881222215;1.7095089892;1.7545498159;5405764.4;30256505.6597196;"2020-08-05T23:59:59.999Z"
"2020-08-04T00:00:00.000Z";"2020-08-04T23:59:59.999Z";"2020-08-04T23:20:16.000Z";"2020-08-04T00:04:18.000Z";"2781";1.8000120162;1.9498753591;1.7949842008;1.8716388581;5495665;32275884.1492363;"2020-08-04T23:59:59.999Z"
"2020-08-03T00:00:00.000Z";"2020-08-03T23:59:59.999Z";"2020-08-03T02:18:23.000Z";"2020-08-03T06:23:27.000Z";"2781";1.7322900834;1.830034343;1.668725882;1.8026109836;5836036.44;31085735.0137577;"2020-08-03T23:59:59.999Z"
"2020-08-02T00:00:00.000Z";"2020-08-02T23:59:59.999Z";"2020-08-02T23:40:28.000Z";"2020-08-02T04:47:14.000Z";"2781";1.5299097878;1.746822822;1.4119729018;1.7428103498;7216576.39;30054693.6113815;"2020-08-02T23:59:59.999Z"
"2020-08-01T00:00:00.000Z";"2020-08-01T23:59:59.999Z";"2020-08-01T04:24:15.000Z";"2020-08-01T00:17:15.000Z";"2781";1.5327589175;1.6622289167;1.4988720501;1.5266096403;4589882.25;26326510.4083857;"2020-08-01T23:59:59.999Z"
"2020-07-31T00:00:00.000Z";"2020-07-31T23:59:59.999Z";"2020-07-31T00:08:23.000Z";"2020-07-31T18:18:16.000Z";"2781";1.6868071033;1.6884881442;1.5104049495;1.5381776554;4822046.27;26526190.853226;"2020-07-31T23:59:59.999Z"
"2020-07-30T00:00:00.000Z";"2020-07-30T23:59:59.999Z";"2020-07-30T10:17:17.000Z";"2020-07-30T01:38:30.000Z";"2781";1.6582894819;1.7964490756;1.6357119142;1.6868071033;5222980.08;29089539.6606279;"2020-07-30T23:59:59.999Z"
"2020-07-29T00:00:00.000Z";"2020-07-29T23:59:59.999Z";"2020-07-29T03:05:07.000Z";"2020-07-29T23:21:21.000Z";"2781";1.7856619474;2.0956222621;1.5931664867;1.6582894819;10348944.53;28597942.6143557;"2020-07-29T23:59:59.999Z"
"2020-07-28T00:00:00.000Z";"2020-07-28T23:59:59.999Z";"2020-07-28T19:56:28.000Z";"2020-07-28T02:57:20.000Z";"2781";1.7841105086;1.8586721686;1.6117686242;1.7840672328;9692632.17;30767254.4661293;"2020-07-28T23:59:59.999Z"
"2020-07-27T00:00:00.000Z";"2020-07-27T23:59:59.999Z";"2020-07-27T13:19:06.000Z";"2020-07-27T00:06:05.000Z";"2781";1.5650978505;2.0427395416;1.5610869348;1.7786355018;32838354.71;30673811.3399836;"2020-07-27T23:59:59.999Z"
"2020-07-26T00:00:00.000Z";"2020-07-26T23:59:59.999Z";"2020-07-26T23:38:22.000Z";"2020-07-26T01:01:26.000Z";"2781";1.2447281293;1.6246480121;1.2382832885;1.5651096946;10463129.6;26991607.0561782;"2020-07-26T23:59:59.999Z"
"2020-07-25T00:00:00.000Z";"2020-07-25T23:59:59.999Z";"2020-07-25T22:11:16.000Z";"2020-07-25T00:08:22.000Z";"2781";0.9954404758;1.4327404741;0.995397298;1.2522228542;9978279.44;21595764.5736461;"2020-07-25T23:59:59.999Z"
"2020-07-24T00:00:00.000Z";"2020-07-24T23:59:59.999Z";"2020-07-24T00:02:20.000Z";"2020-07-24T12:46:16.000Z";"2781";1.0498435789;1.0539536708;0.9747797093;0.9953455032;1991763.31;17165794.8003885;"2020-07-24T23:59:59.999Z"
"2020-07-23T00:00:00.000Z";"2020-07-23T23:59:59.999Z";"2020-07-23T07:17:24.000Z";"2020-07-23T01:03:13.000Z";"2781";1.0461550093;1.10121768;0.9973940848;1.0498435789;2970423.13;18105795.7974271;"2020-07-23T23:59:59.999Z"
"2020-07-22T00:00:00.000Z";"2020-07-22T23:59:59.999Z";"2020-07-22T03:37:15.000Z";"2020-07-22T00:10:15.000Z";"2781";0.9771979561;1.1047035089;0.9724847533;1.0440872525;5295001.98;18006642.2008208;"2020-07-22T23:59:59.999Z"
"2020-07-21T00:00:00.000Z";"2020-07-21T23:59:59.999Z";"2020-07-21T17:22:13.000Z";"2020-07-21T06:03:15.000Z";"2781";0.8729279865;1.0082536516;0.8603158688;0.9771657172;4299502.34;16852602.2014576;"2020-07-21T23:59:59.999Z"
"2020-07-20T00:00:00.000Z";"2020-07-20T23:59:59.999Z";"2020-07-20T00:03:32.000Z";"2020-07-20T13:16:32.000Z";"2781";0.9205151968;0.9215838947;0.8518778801;0.873089429;3036870.92;15057755.3103182;"2020-07-20T23:59:59.999Z"
"2020-07-19T00:00:00.000Z";"2020-07-19T23:59:59.999Z";"2020-07-19T00:03:23.000Z";"2020-07-19T19:56:26.000Z";"2781";0.9680040892;0.9703541474;0.8995154359;0.9203494876;2206671.02;15872927.8675157;"2020-07-19T23:59:59.999Z"
"2020-07-18T00:00:00.000Z";"2020-07-18T23:59:59.999Z";"2020-07-18T16:00:20.000Z";"2020-07-18T01:15:14.000Z";"2781";0.9775154481;1.0007162492;0.9317262896;0.9665834956;2923007.18;16670417.2869211;"2020-07-18T23:59:59.999Z"
"2020-07-17T00:00:00.000Z";"2020-07-17T23:59:59.999Z";"2020-07-17T13:55:12.000Z";"2020-07-17T00:17:18.000Z";"2781";0.8707610942;1.0468418785;0.8018844273;0.977837416;8973774.36;16864618.7937719;"2020-07-17T23:59:59.999Z"
"2020-07-16T00:00:00.000Z";"2020-07-16T23:59:59.999Z";"2020-07-16T18:45:21.000Z";"2020-07-16T23:57:24.000Z";"2781";1.2840388782;1.3749670775;0.8550437226;0.8724413774;7486567.81;15046966.0262034;"2020-07-16T23:59:59.999Z"
"2020-07-15T00:00:00.000Z";"2020-07-15T23:59:59.999Z";"2020-07-15T15:39:25.000Z";"2020-07-15T00:59:12.000Z";"2781";1.1475232798;1.3968347053;1.1414575574;1.2895980969;3355229.33;22241796.9042963;"2020-07-15T23:59:59.999Z"
"2020-07-14T00:00:00.000Z";"2020-07-14T23:59:59.999Z";"2020-07-14T04:31:30.000Z";"2020-07-14T11:46:11.000Z";"2781";1.1724756189;1.2460057862;1.1191661656;1.1480745421;2213135.15;19801055.4914822;"2020-07-14T23:59:59.999Z"
"2020-07-13T00:00:00.000Z";"2020-07-13T23:59:59.999Z";"2020-07-13T17:52:20.000Z";"2020-07-13T00:08:19.000Z";"2781";1.0167159585;1.2876625404;1.008884329;1.175734102;4062068.75;20278237.5664092;"2020-07-13T23:59:59.999Z"
"2020-07-12T00:00:00.000Z";"2020-07-12T23:59:59.999Z";"2020-07-12T20:25:21.000Z";"2020-07-12T01:20:18.000Z";"2781";0.9238560634;1.1309782125;0.9141171063;1.0167159585;4693370.51;17535715.8229986;"2020-07-12T23:59:59.999Z"
"2020-07-11T00:00:00.000Z";"2020-07-11T23:59:59.999Z";"2020-07-11T02:42:14.000Z";"2020-07-11T10:16:14.000Z";"2781";0.9135595927;0.9263473014;0.859094947;0.9246242455;1788814.06;15947475.7511162;"2020-07-11T23:59:59.999Z"
"2020-07-10T00:00:00.000Z";"2020-07-10T23:59:59.999Z";"2020-07-10T12:15:15.000Z";"2020-07-10T01:21:21.000Z";"2781";0.8533037238;0.9396294291;0.8428498045;0.9135595927;1856094.87;15756747.8792219;"2020-07-10T23:59:59.999Z"
"2020-07-09T00:00:00.000Z";"2020-07-09T23:59:59.999Z";"2020-07-09T17:01:18.000Z";"2020-07-09T15:30:21.000Z";"2781";0.7940179716;0.8823577201;0.7599057164;0.8534530473;2668723.51;14720152.3853897;"2020-07-09T23:59:59.999Z"
"2020-07-08T00:00:00.000Z";"2020-07-08T23:59:59.999Z";"2020-07-08T06:49:23.000Z";"2020-07-08T00:25:21.000Z";"2781";0.753047993;0.8275228899;0.7434114823;0.7967134;2220222.73;13741613.2737162;"2020-07-08T23:59:59.999Z"
"2020-07-07T00:00:00.000Z";"2020-07-07T23:59:59.999Z";"2020-07-07T14:13:04.000Z";"2020-07-07T10:26:36.000Z";"2781";0.7078578575;0.7808926671;0.7019216042;0.753047993;1700040.66;12988566.0151594;"2020-07-07T23:59:59.999Z"
"2020-07-06T00:00:00.000Z";"2020-07-06T23:59:59.999Z";"2020-07-06T15:38:24.000Z";"2020-07-06T05:17:35.000Z";"2781";0.691663563;0.7210455412;0.6865804049;0.7079080102;1120773.26;12210072.8690639;"2020-07-06T23:59:59.999Z"
"2020-07-05T00:00:00.000Z";"2020-07-05T23:59:59.999Z";"2020-07-05T00:21:25.000Z";"2020-07-05T01:32:24.000Z";"2781";0.7801012256;0.7855474402;0.642635456;0.691663563;3799016.32;11929965.7302922;"2020-07-05T23:59:59.999Z"
"2020-07-04T00:00:00.000Z";"2020-07-04T23:59:59.999Z";"2020-07-04T08:48:20.000Z";"2020-07-04T02:09:22.000Z";"2781";0.7679409535;0.8231551403;0.7614507636;0.7803716825;1644301.45;13460110.8038221;"2020-07-04T23:59:59.999Z"
"2020-07-03T00:00:00.000Z";"2020-07-03T23:59:59.999Z";"2020-07-03T00:13:15.000Z";"2020-07-03T09:11:16.000Z";"2781";0.7820357344;0.7860349886;0.7551128796;0.7680930463;1144958.3;13248409.5564903;"2020-07-03T23:59:59.999Z"
"2020-07-02T00:00:00.000Z";"2020-07-02T23:59:59.999Z";"2020-07-02T00:15:30.000Z";"2020-07-02T16:48:29.000Z";"2781";0.8321159672;0.8371266395;0.7536675782;0.7802190183;1749581.48;13457643.8789028;"2020-07-02T23:59:59.999Z"
"2020-07-01T00:00:00.000Z";"2020-07-01T23:59:59.999Z";"2020-07-01T03:53:06.000Z";"2020-07-01T14:06:19.000Z";"2781";0.8633639638;0.9017150754;0.8209265187;0.8326415701;1772559.84;14361930.621951;"2020-07-01T23:59:59.999Z"
"2020-06-30T00:00:00.000Z";"2020-06-30T23:59:59.999Z";"2020-06-30T05:34:27.000Z";"2020-06-30T00:37:24.000Z";"2781";0.853022446;1.0291762972;0.850103876;0.860093981;3887548.37;14835525.1298039;"2020-06-30T23:59:59.999Z"
"2020-06-29T00:00:00.000Z";"2020-06-29T23:59:59.999Z";"2020-06-29T13:21:11.000Z";"2020-06-29T02:59:16.000Z";"2781";0.7984952689;0.885339207;0.7700086031;0.8524542403;2147790.98;14703824.7067831;"2020-06-29T23:59:59.999Z"
"2020-06-28T00:00:00.000Z";"2020-06-28T23:59:59.999Z";"2020-06-28T18:04:14.000Z";"2020-06-28T06:05:17.000Z";"2781";0.7135480362;0.8439765007;0.6870949194;0.7984952689;3412582.29;13773165.2227317;"2020-06-28T23:59:59.999Z"
"2020-06-27T00:00:00.000Z";"2020-06-27T23:59:59.999Z";"2020-06-27T01:01:14.000Z";"2020-06-27T16:54:16.000Z";"2781";0.7395968625;0.7522113948;0.675838229;0.7135480362;1681428.03;12307979.1957079;"2020-06-27T23:59:59.999Z"
"2020-06-26T00:00:00.000Z";"2020-06-26T23:59:59.999Z";"2020-06-26T16:15:03.000Z";"2020-06-26T14:40:02.000Z";"2781";0.7125312683;0.7519919383;0.6815319452;0.7411443363;1664662.32;12784052.9001166;"2020-06-26T23:59:59.999Z"
"2020-06-25T00:00:00.000Z";"2020-06-25T23:59:59.999Z";"2020-06-25T02:20:21.000Z";"2020-06-25T08:18:23.000Z";"2781";0.7370998719;0.7567046474;0.6992403991;0.7131935883;1751581.23;12301987.5415512;"2020-06-25T23:59:59.999Z"
"2020-06-24T00:00:00.000Z";"2020-06-24T23:59:59.999Z";"2020-06-24T17:07:26.000Z";"2020-06-24T12:40:26.000Z";"2781";0.7085297278;0.8006916026;0.6935010965;0.7369938769;2769053.66;12712583.3849433;"2020-06-24T23:59:59.999Z"
"2020-06-23T00:00:00.000Z";"2020-06-23T23:59:59.999Z";"2020-06-23T07:50:23.000Z";"2020-06-23T21:18:07.000Z";"2781";0.7267726893;0.7606327261;0.7007119736;0.7082967549;1327340.25;12217638.9889378;"2020-06-23T23:59:59.999Z"
"2020-06-22T00:00:00.000Z";"2020-06-22T23:59:59.999Z";"2020-06-22T21:59:20.000Z";"2020-06-22T06:11:15.000Z";"2781";0.6725773761;0.7431130962;0.6458773883;0.726847852;1620387.87;12537695.5906935;"2020-06-22T23:59:59.999Z"
"2020-06-21T00:00:00.000Z";"2020-06-21T23:59:59.999Z";"2020-06-21T13:36:12.000Z";"2020-06-21T02:47:16.000Z";"2781";0.6461345107;0.7485415841;0.6368803642;0.6731492006;2238347.19;11611481.9990937;"2020-06-21T23:59:59.999Z"
"2020-06-20T00:00:00.000Z";"2020-06-20T23:59:59.999Z";"2020-06-20T00:04:31.000Z";"2020-06-20T09:19:27.000Z";"2781";0.6825227645;0.6885834719;0.625625722;0.6435912904;1714405.3;11101677.8613918;"2020-06-20T23:59:59.999Z"
"2020-06-19T00:00:00.000Z";"2020-06-19T23:59:59.999Z";"2020-06-19T06:27:20.000Z";"2020-06-19T00:18:17.000Z";"2781";0.6224065957;0.8363984814;0.6203838163;0.6843317386;6577470.96;11804490.7995105;"2020-06-19T23:59:59.999Z"
"2020-06-18T00:00:00.000Z";"2020-06-18T23:59:59.999Z";"2020-06-18T17:30:26.000Z";"2020-06-18T02:04:19.000Z";"2781";0.5815823911;0.6503086133;0.5792852087;0.6209560963;1349341.27;10711334.8299096;"2020-06-18T23:59:59.999Z"
"2020-06-17T00:00:00.000Z";"2020-06-17T23:59:59.999Z";"2020-06-17T10:03:18.000Z";"2020-06-17T20:20:05.000Z";"2781";0.5854967277;0.5901288907;0.5651168169;0.5815619708;673274.19;10031846.4524466;"2020-06-17T23:59:59.999Z"
"2020-06-16T00:00:00.000Z";"2020-06-16T23:59:59.999Z";"2020-06-16T13:05:24.000Z";"2020-06-16T01:43:04.000Z";"2781";0.5705786948;0.5898283447;0.5686890962;0.5855762628;652020.1;10101141.4390675;"2020-06-16T23:59:59.999Z"
"2020-06-15T00:00:00.000Z";"2020-06-15T23:59:59.999Z";"2020-06-15T01:03:29.000Z";"2020-06-15T13:39:18.000Z";"2781";0.5883729519;0.5918974303;0.5472869934;0.5706391362;942666.19;9843524.99494113;"2020-06-15T23:59:59.999Z"
"2020-06-14T00:00:00.000Z";"2020-06-14T23:59:59.999Z";"2020-06-14T04:10:22.000Z";"2020-06-14T22:32:27.000Z";"2781";0.6109266271;0.6182584339;0.5808994344;0.587076585;873415.75;10127117.7365674;"2020-06-14T23:59:59.999Z"
"2020-06-13T00:00:00.000Z";"2020-06-13T23:59:59.999Z";"2020-06-13T23:54:15.000Z";"2020-06-13T04:32:20.000Z";"2781";0.593947639;0.6114392133;0.5854854607;0.6089432866;764756.55;10504345.5146756;"2020-06-13T23:59:59.999Z"
"2020-06-12T00:00:00.000Z";"2020-06-12T23:59:59.999Z";"2020-06-12T07:12:19.000Z";"2020-06-12T01:27:19.000Z";"2781";0.5740587991;0.6046532481;0.5699204007;0.593868974;940323.24;10244352.3859345;"2020-06-12T23:59:59.999Z"
"2020-06-11T00:00:00.000Z";"2020-06-11T23:59:59.999Z";"2020-06-11T00:28:12.000Z";"2020-06-11T23:48:16.000Z";"2781";0.6448884109;0.650534979;0.5700824935;0.5737415957;1122221.19;9897183.58341088;"2020-06-11T23:59:59.999Z"
"2020-06-10T00:00:00.000Z";"2020-06-10T23:59:59.999Z";"2020-06-10T06:33:07.000Z";"2020-06-10T18:53:26.000Z";"2781";0.658038317;0.6700430922;0.6334042611;0.644866659;1096203.33;11124151.4035966;"2020-06-10T23:59:59.999Z"
"2020-06-09T00:00:00.000Z";"2020-06-09T23:59:59.999Z";"2020-06-09T00:01:12.000Z";"2020-06-09T03:31:16.000Z";"2781";0.6677842346;0.6680881726;0.6272423148;0.6580024982;988327.44;11350793.5069779;"2020-06-09T23:59:59.999Z"
"2020-06-08T00:00:00.000Z";"2020-06-08T23:59:59.999Z";"2020-06-08T15:25:05.000Z";"2020-06-08T00:07:18.000Z";"2781";0.61507796;0.6790013999;0.6133101865;0.6683130657;1440233.82;11528696.0984937;"2020-06-08T23:59:59.999Z"
"2020-06-07T00:00:00.000Z";"2020-06-07T23:59:59.999Z";"2020-06-07T00:10:12.000Z";"2020-06-07T17:37:16.000Z";"2781";0.6224426952;0.6244438619;0.5933979634;0.6165778544;716785.47;10636269.8312904;"2020-06-07T23:59:59.999Z"
"2020-06-06T00:00:00.000Z";"2020-06-06T23:59:59.999Z";"2020-06-06T00:01:05.000Z";"2020-06-06T02:16:14.000Z";"2781";0.6610714948;0.6616187891;0.6117805673;0.6224426952;1604055.16;10737481.2006963;"2020-06-06T23:59:59.999Z"
"2020-06-05T00:00:00.000Z";"2020-06-05T23:59:59.999Z";"2020-06-05T18:05:16.000Z";"2020-06-05T03:51:15.000Z";"2781";0.5872994935;0.6982792965;0.5779251645;0.6611546424;4322091.65;11405328.7385824;"2020-06-05T23:59:59.999Z"
"2020-06-04T00:00:00.000Z";"2020-06-04T23:59:59.999Z";"2020-06-04T02:59:08.000Z";"2020-06-04T11:37:16.000Z";"2781";0.5868672541;0.5916400389;0.5645175516;0.5872994935;901641.25;10131321.1400611;"2020-06-04T23:59:59.999Z"
"2020-06-03T00:00:00.000Z";"2020-06-03T23:59:59.999Z";"2020-06-03T04:54:16.000Z";"2020-06-03T00:01:12.000Z";"2781";0.5646694332;0.591025168;0.56446123;0.5866206217;877446.18;10119647.9354345;"2020-06-03T23:59:59.999Z"
"2020-06-02T00:00:00.000Z";"2020-06-02T23:59:59.999Z";"2020-06-02T03:23:05.000Z";"2020-06-02T16:02:17.000Z";"2781";0.5771421787;0.5897246572;0.5522943664;0.5646694332;1295757.46;9741011.2562594;"2020-06-02T23:59:59.999Z"
"2020-06-01T00:00:00.000Z";"2020-06-01T23:59:59.999Z";"2020-06-01T03:49:16.000Z";"2020-06-01T00:11:06.000Z";"2781";0.5734723598;0.5878388887;0.5673479381;0.5774951567;2159877.16;0;"2020-06-01T23:59:59.999Z"
"2020-05-31T00:00:00.000Z";"2020-05-31T23:59:59.999Z";"2020-05-31T01:59:07.000Z";"2020-05-31T16:08:10.000Z";"2781";0.5879027376;0.5939974967;0.5692446625;0.5700220201;1892967.09;0;"2020-05-31T23:59:59.999Z"
"2020-05-30T00:00:00.000Z";"2020-05-30T23:59:59.999Z";"2020-05-30T15:29:05.000Z";"2020-05-30T05:04:15.000Z";"2781";0.5813550692;0.6024892675;0.5670501017;0.587932798;2449094.84;0;"2020-05-30T23:59:59.999Z"
"2020-05-29T00:00:00.000Z";"2020-05-29T23:59:59.999Z";"2020-05-29T10:17:08.000Z";"2020-05-29T00:58:16.000Z";"2781";0.5746987796;0.5934052024;0.5668584166;0.5794154082;2066857.45;0;"2020-05-29T23:59:59.999Z"
"2020-05-28T00:00:00.000Z";"2020-05-28T23:59:59.999Z";"2020-05-28T00:11:18.000Z";"2020-05-28T10:58:16.000Z";"2781";0.5908836269;0.5923976798;0.5669477763;0.5751554634;2662787.87;0;"2020-05-28T23:59:59.999Z"
"2020-05-27T00:00:00.000Z";"2020-05-27T23:59:59.999Z";"2020-05-27T19:51:09.000Z";"2020-05-27T00:01:06.000Z";"2781";0.5733066603;0.6110868484;0.5714434198;0.590984627;2536915.56;0;"2020-05-27T23:59:59.999Z"
"2020-05-26T00:00:00.000Z";"2020-05-26T23:59:59.999Z";"2020-05-26T01:26:08.000Z";"2020-05-26T16:52:03.000Z";"2781";0.5991043499;0.612353062;0.5664632151;0.5733066603;2689697.32;0;"2020-05-26T23:59:59.999Z"
"2020-05-25T00:00:00.000Z";"2020-05-25T23:59:59.999Z";"2020-05-25T21:49:07.000Z";"2020-05-25T00:22:17.000Z";"2781";0.5485702014;0.6501379931;0.5380636579;0.6008572754;4509580.34;0;"2020-05-25T23:59:59.999Z"
"2020-05-24T00:00:00.000Z";"2020-05-24T23:59:59.999Z";"2020-05-24T00:00:15.000Z";"2020-05-24T23:55:15.000Z";"2781";0.6132888674;0.6132888674;0.5484318754;0.5490530853;2786816.2;0;"2020-05-24T23:59:59.999Z"
"2020-05-23T00:00:00.000Z";"2020-05-23T23:59:59.999Z";"2020-05-23T00:02:16.000Z";"2020-05-23T22:07:05.000Z";"2781";0.6374146219;0.6388488741;0.5882473187;0.6130314105;2638523.85;0;"2020-05-23T23:59:59.999Z"
"2020-05-22T00:00:00.000Z";"2020-05-22T23:59:59.999Z";"2020-05-22T19:13:05.000Z";"2020-05-22T03:41:15.000Z";"2781";0.6052387149;0.6764319609;0.5828297183;0.6388750705;3411419.38;0;"2020-05-22T23:59:59.999Z"
"2020-05-21T00:00:00.000Z";"2020-05-21T23:59:59.999Z";"2020-05-21T23:45:15.000Z";"2020-05-21T17:35:08.000Z";"2781";0.579691537;0.6137893251;0.5433456184;0.6089153241;2863016.8;0;"2020-05-21T23:59:59.999Z"
"2020-05-20T00:00:00.000Z";"2020-05-20T23:59:59.999Z";"2020-05-20T00:16:10.000Z";"2020-05-20T16:10:16.000Z";"2781";0.622475105;0.6266558209;0.5752826524;0.5791556672;2302926.4;0;"2020-05-20T23:59:59.999Z"
"2020-05-19T00:00:00.000Z";"2020-05-19T23:59:59.999Z";"2020-05-19T00:10:10.000Z";"2020-05-19T07:20:16.000Z";"2781";0.6509743602;0.6544803689;0.6112481094;0.6244542651;2380263.04;0;"2020-05-19T23:59:59.999Z"
"2020-05-18T00:00:00.000Z";"2020-05-18T23:59:59.999Z";"2020-05-18T08:32:06.000Z";"2020-05-18T00:30:13.000Z";"2781";0.6126824126;0.6743934855;0.6096490425;0.6526701697;3314358.53;0;"2020-05-18T23:59:59.999Z"
"2020-05-17T00:00:00.000Z";"2020-05-17T23:59:59.999Z";"2020-05-17T10:17:12.000Z";"2020-05-17T00:58:16.000Z";"2781";0.5952282799;0.6401958735;0.5891751252;0.6129888072;2936428.45;0;"2020-05-17T23:59:59.999Z"
"2020-05-16T00:00:00.000Z";"2020-05-16T23:59:59.999Z";"2020-05-16T12:26:09.000Z";"2020-05-16T00:19:14.000Z";"2781";0.5589808885;0.606534222;0.554360781;0.5991202733;2300409.15;0;"2020-05-16T23:59:59.999Z"
"2020-05-15T00:00:00.000Z";"2020-05-15T23:59:59.999Z";"2020-05-15T00:06:16.000Z";"2020-05-15T20:50:13.000Z";"2781";0.5691933572;0.5746195946;0.5470931421;0.5597520245;1850070.45;0;"2020-05-15T23:59:59.999Z"
"2020-05-14T00:00:00.000Z";"2020-05-14T23:59:59.999Z";"2020-05-14T05:05:08.000Z";"2020-05-14T00:05:16.000Z";"2781";0.5505316574;0.5809456821;0.550109684;0.5691176101;2047896.79;0;"2020-05-14T23:59:59.999Z"
"2020-05-13T00:00:00.000Z";"2020-05-13T23:59:59.999Z";"2020-05-13T19:05:05.000Z";"2020-05-13T16:10:09.000Z";"2781";0.5383715697;0.5648742321;0.5180383004;0.5505316574;2326445.53;0;"2020-05-13T23:59:59.999Z"
"2020-05-12T00:00:00.000Z";"2020-05-12T23:59:59.999Z";"2020-05-12T14:36:14.000Z";"2020-05-12T00:51:14.000Z";"2781";0.5133905279;0.5597585692;0.5052511938;0.5385756503;2198624.88;0;"2020-05-12T23:59:59.999Z"
"2020-05-11T00:00:00.000Z";"2020-05-11T23:59:59.999Z";"2020-05-11T03:40:06.000Z";"2020-05-11T19:43:15.000Z";"2781";0.5362550065;0.5718601481;0.5051936368;0.5152727853;2098480.83;0;"2020-05-11T23:59:59.999Z"
"2020-05-10T00:00:00.000Z";"2020-05-10T23:59:59.999Z";"2020-05-10T00:21:11.000Z";"2020-05-10T17:05:12.000Z";"2781";0.60446073;0.6123031827;0.5130808729;0.5370339116;2327580.8;0;"2020-05-10T23:59:59.999Z"
"2020-05-09T00:00:00.000Z";"2020-05-09T23:59:59.999Z";"2020-05-09T22:48:09.000Z";"2020-05-09T11:46:16.000Z";"2781";0.6040415005;0.6254292371;0.58844783;0.6045273913;2128502.76;0;"2020-05-09T23:59:59.999Z"
"2020-05-08T00:00:00.000Z";"2020-05-08T23:59:59.999Z";"2020-05-08T22:56:15.000Z";"2020-05-08T08:58:13.000Z";"2781";0.6129779573;0.6366183682;0.5898517861;0.6049221211;2488194.57;0;"2020-05-08T23:59:59.999Z"
"2020-05-07T00:00:00.000Z";"2020-05-07T23:59:59.999Z";"2020-05-07T04:37:09.000Z";"2020-05-07T18:00:16.000Z";"2781";0.6225835989;0.6322677674;0.573375617;0.6129779573;3355830.24;0;"2020-05-07T23:59:59.999Z"
"2020-05-06T00:00:00.000Z";"2020-05-06T23:59:59.999Z";"2020-05-06T13:42:07.000Z";"2020-05-06T23:59:16.000Z";"2781";0.6424541881;0.6738908201;0.6225835989;0.6225835989;2677562.97;0;"2020-05-06T23:59:59.999Z"
"2020-05-05T00:00:00.000Z";"2020-05-05T23:59:59.999Z";"2020-05-05T04:27:15.000Z";"2020-05-05T10:50:15.000Z";"2781";0.6734404569;0.6862142074;0.6264988113;0.641837363;2847469.34;0;"2020-05-05T23:59:59.999Z"
"2020-05-04T00:00:00.000Z";"2020-05-04T23:59:59.999Z";"2020-05-04T19:15:07.000Z";"2020-05-04T10:28:14.000Z";"2781";0.6796251716;0.7058124705;0.6184336064;0.6674907704;3443697.82;0;"2020-05-04T23:59:59.999Z"
"2020-05-03T00:00:00.000Z";"2020-05-03T23:59:59.999Z";"2020-05-03T10:01:15.000Z";"2020-05-03T16:56:15.000Z";"2781";0.7147957537;0.7298005162;0.6566156226;0.6795345711;3328343.61;0;"2020-05-03T23:59:59.999Z"
"2020-05-02T00:00:00.000Z";"2020-05-02T23:59:59.999Z";"2020-05-02T00:12:09.000Z";"2020-05-02T23:28:16.000Z";"2781";0.7272676035;0.7489807989;0.7079035373;0.7158764119;3441355.74;0;"2020-05-02T23:59:59.999Z"
"2020-05-01T00:00:00.000Z";"2020-05-01T23:59:59.999Z";"2020-05-01T10:12:15.000Z";"2020-05-01T00:17:15.000Z";"2781";0.691045421;0.7370712885;0.6859027031;0.7287939694;4164272.07;0;"2020-05-01T23:59:59.999Z"
"2020-04-30T00:00:00.000Z";"2020-04-30T23:59:59.999Z";"2020-04-30T02:35:14.000Z";"2020-04-30T23:55:06.000Z";"2781";0.7471945371;0.8008164793;0.6878805251;0.691045421;5016891.64;0;"2020-04-30T23:59:59.999Z"
"2020-04-29T00:00:00.000Z";"2020-04-29T23:59:59.999Z";"2020-04-29T22:12:07.000Z";"2020-04-29T02:16:05.000Z";"2781";0.6622856379;0.7777712931;0.6552737167;0.7458404098;8801144.48;0;"2020-04-29T23:59:59.999Z"
"2020-04-28T00:00:00.000Z";"2020-04-28T23:59:59.999Z";"2020-04-28T14:02:05.000Z";"2020-04-28T00:42:10.000Z";"2781";0.5782527305;0.6921475105;0.568483718;0.6612925152;7470201.22;0;"2020-04-28T23:59:59.999Z"
"2020-04-27T00:00:00.000Z";"2020-04-27T23:59:59.999Z";"2020-04-27T02:34:19.000Z";"2020-04-27T17:51:20.000Z";"2781";0.635713807;0.6602826397;0.5610275238;0.5723718951;7406934.11;0;"2020-04-27T23:59:59.999Z"
"2020-04-26T00:00:00.000Z";"2020-04-26T23:59:59.999Z";"2020-04-26T05:11:13.000Z";"2020-04-26T23:31:19.000Z";"2781";0.6532150353;0.6914993917;0.6311705801;0.6355063436;8320760.36;0;"2020-04-26T23:59:59.999Z"
"2020-04-25T00:00:00.000Z";"2020-04-25T23:59:59.999Z";"2020-04-25T22:51:13.000Z";"2020-04-25T00:25:11.000Z";"2781";0.6305280581;0.6709482817;0.6215474074;0.6433293014;7311904.72;0;"2020-04-25T23:59:59.999Z"
"2020-04-24T00:00:00.000Z";"2020-04-24T23:59:59.999Z";"2020-04-24T17:56:03.000Z";"2020-04-24T12:41:13.000Z";"2781";0.6240211719;0.6710200125;0.6139411114;0.6342422206;9064190.27;0;"2020-04-24T23:59:59.999Z"
"2020-04-23T00:00:00.000Z";"2020-04-23T23:59:59.999Z";"2020-04-23T00:08:15.000Z";"2020-04-23T06:06:03.000Z";"2781";0.6853471696;0.6980770003;0.6003218391;0.6274571798;13485271.05;0;"2020-04-23T23:59:59.999Z"
"2020-04-22T00:00:00.000Z";"2020-04-22T23:59:59.999Z";"2020-04-22T21:58:02.000Z";"2020-04-22T04:18:10.000Z";"2781";0.5811660898;0.7069636403;0.5696207927;0.6916009159;18828399.52;0;"2020-04-22T23:59:59.999Z"
"2020-04-21T00:00:00.000Z";"2020-04-21T23:59:59.999Z";"2020-04-21T23:30:11.000Z";"2020-04-21T11:43:15.000Z";"2781";0.5413867096;0.6045860423;0.5085489999;0.5876591557;9711507.45;0;"2020-04-21T23:59:59.999Z"
"2020-04-20T00:00:00.000Z";"2020-04-20T23:59:59.999Z";"2020-04-20T09:37:11.000Z";"2020-04-20T20:07:11.000Z";"2781";0.6129475815;0.6392537157;0.5205778168;0.5388121296;8342616.42;0;"2020-04-20T23:59:59.999Z"
"2020-04-19T00:00:00.000Z";"2020-04-19T23:59:59.999Z";"2020-04-19T00:13:15.000Z";"2020-04-19T16:40:16.000Z";"2781";0.6815158845;0.6846413272;0.5984869932;0.6069691753;9289670.38;0;"2020-04-19T23:59:59.999Z"
"2020-04-18T00:00:00.000Z";"2020-04-18T23:59:59.999Z";"2020-04-18T14:49:09.000Z";"2020-04-18T00:17:13.000Z";"2781";0.6607279708;0.7176182094;0.6594270873;0.6810963346;9782111.9;0;"2020-04-18T23:59:59.999Z"
"2020-04-17T00:00:00.000Z";"2020-04-17T23:59:59.999Z";"2020-04-17T02:10:18.000Z";"2020-04-17T23:59:17.000Z";"2781";0.6893124542;0.7196137824;0.6607279708;0.6607279708;9870810;0;"2020-04-17T23:59:59.999Z"
"2020-04-16T00:00:00.000Z";"2020-04-16T23:59:59.999Z";"2020-04-16T07:43:17.000Z";"2020-04-16T00:20:19.000Z";"2781";0.6308788161;0.7741922285;0.6251074125;0.6908158754;21346031.35;0;"2020-04-16T23:59:59.999Z"
"2020-04-15T00:00:00.000Z";"2020-04-15T23:59:59.999Z";"2020-04-15T03:45:04.000Z";"2020-04-15T16:03:17.000Z";"2781";0.6692891492;0.7049635486;0.6215314556;0.646650902;13075275.29;0;"2020-04-15T23:59:59.999Z"
"2020-04-14T00:00:00.000Z";"2020-04-14T23:59:59.999Z";"2020-04-14T02:16:12.000Z";"2020-04-14T21:38:18.000Z";"2781";0.777831565;0.7964723569;0.62816943;0.6619248247;16747614.12;0;"2020-04-14T23:59:59.999Z"
"2020-04-13T00:00:00.000Z";"2020-04-13T23:59:59.999Z";"2020-04-13T00:02:14.000Z";"2020-04-13T23:44:07.000Z";"2781";0.8907596124;0.8916027828;0.7739763066;0.777831565;18211285.47;0;"2020-04-13T23:59:59.999Z"
"2020-04-12T00:00:00.000Z";"2020-04-12T23:59:59.999Z";"2020-04-12T21:29:10.000Z";"2020-04-12T00:41:17.000Z";"2781";0.7854477142;0.956669837;0.7624262001;0.8825069283;38736897.02;0;"2020-04-12T23:59:59.999Z"
"2020-04-11T00:00:00.000Z";"2020-04-11T23:59:59.999Z";"2020-04-11T04:06:03.000Z";"2020-04-11T23:54:19.000Z";"2781";0.9510539576;1.0490727003;0.7650203561;0.776818583;43862443.79;0;"2020-04-11T23:59:59.999Z"